{
  "timestamp": "2025-08-20T12:03:43.507326",
  "summary": {
    "avg_success_rate": 1.0,
    "avg_total_time": 0.02871990222742574,
    "agent_performance": {
      "spec_extractor": 0.00010208443790260289,
      "tech_selector": 0.0007834066714470585,
      "planner": 1.4708881887296835e-05,
      "scaffolder": 0.02356531999539584,
      "codegen": 0.0037175177764664923,
      "eval_agent": 8.54800015480982e-05
    }
  },
  "scenarios": [
    {
      "prompt": "API simple avec users et products",
      "iterations": 5,
      "success_rate": 1.0,
      "total_time": {
        "mean": 0.028439540008548647,
        "median": 0.028285800013691187,
        "min": 0.027198199997656047,
        "max": 0.029767200001515448,
        "stdev": 0.0009538858580111699
      },
      "agent_times": {
        "spec_extractor": {
          "mean": 9.577999589964748e-05,
          "min": 5.809997674077749e-05,
          "max": 0.00015590002294629812
        },
        "tech_selector": {
          "mean": 0.0008099000086076557,
          "min": 0.000679299992043525,
          "max": 0.0009447000338695943
        },
        "planner": {
          "mean": 1.1499982792884112e-05,
          "min": 1.0999967344105244e-05,
          "max": 1.2200034689158201e-05
        },
        "scaffolder": {
          "mean": 0.024214240000583233,
          "min": 0.023879299988038838,
          "max": 0.024355500005185604
        },
        "codegen": {
          "mean": 0.0025451800087466837,
          "min": 0.0019990000291727483,
          "max": 0.002959400007966906
        },
        "eval_agent": {
          "mean": 5.9959990903735164e-05,
          "min": 5.7999975979328156e-05,
          "max": 6.340001709759235e-05
        }
      },
      "scenario_name": "Simple API"
    },
    {
      "prompt": "API avec users(email unique, password_hash) et products(name, price float, stock int)",
      "iterations": 5,
      "success_rate": 1.0,
      "total_time": {
        "mean": 0.02852409998886287,
        "median": 0.028576799959409982,
        "min": 0.02769540000008419,
        "max": 0.02907920000143349,
        "stdev": 0.0005701400650454248
      },
      "agent_times": {
        "spec_extractor": {
          "mean": 8.233999833464622e-05,
          "min": 7.579999510198832e-05,
          "max": 9.320001117885113e-05
        },
        "tech_selector": {
          "mean": 0.0007442199974320828,
          "min": 0.0007027999963611364,
          "max": 0.0008317999891005456
        },
        "planner": {
          "mean": 1.355998683720827e-05,
          "min": 1.2899981811642647e-05,
          "max": 1.5700003132224083e-05
        },
        "scaffolder": {
          "mean": 0.023367920005694032,
          "min": 0.02270269999280572,
          "max": 0.023950800008606166
        },
        "codegen": {
          "mean": 0.003945639997255057,
          "min": 0.0032418000046163797,
          "max": 0.004762800002936274
        },
        "eval_agent": {
          "mean": 8.217999711632729e-05,
          "min": 7.770000956952572e-05,
          "max": 9.210000280290842e-05
        }
      },
      "scenario_name": "Complex Parsing"
    },
    {
      "prompt": "API e-commerce avec users(email unique, role), products(name, price float, category_id), orders(user_id int, status, total float), reviews(user_id int, product_id int, rating int, comment)",
      "iterations": 3,
      "success_rate": 1.0,
      "total_time": {
        "mean": 0.029196066684865702,
        "median": 0.029146799992304295,
        "min": 0.028269700007513165,
        "max": 0.03017170005477965,
        "stdev": 0.0009519566430239255
      },
      "agent_times": {
        "spec_extractor": {
          "mean": 0.00012813331947351495,
          "min": 9.23000043258071e-05,
          "max": 0.0001881999778561294
        },
        "tech_selector": {
          "mean": 0.0007961000083014369,
          "min": 0.000756499997805804,
          "max": 0.000826000003144145
        },
        "planner": {
          "mean": 1.9066676031798124e-05,
          "min": 1.7900019884109497e-05,
          "max": 2.0499981474131346e-05
        },
        "scaffolder": {
          "mean": 0.023113799979910254,
          "min": 0.02253239997662604,
          "max": 0.02366549998987466
        },
        "codegen": {
          "mean": 0.004661733323397736,
          "min": 0.004508099984377623,
          "max": 0.004775299981702119
        },
        "eval_agent": {
          "mean": 0.00011430001662423213,
          "min": 0.0001113000325858593,
          "max": 0.0001170000177808106
        }
      },
      "scenario_name": "E-commerce Full"
    }
  ]
}